decimalLatitude,decimalLongitude,eventDate,scientificName,taxonConceptID,recordID,dataResourceName,occurrenceStatus
-27.818296,152.958428,2020-06-20T04:08:13Z,Solenopsis invicta,https://biodiversity.org.au/afd/taxa/5b3fe1c6-1c2c-4e20-819f-2e6d8fa3d332,1df21d4b-9d80-43db-a96e-4fe5e45edefe,iNaturalist Australia,PRESENT
-27.743903,152.901335,2021-10-24T02:09:00Z,Solenopsis invicta,https://biodiversity.org.au/afd/taxa/5b3fe1c6-1c2c-4e20-819f-2e6d8fa3d332,f65b339e-6e9e-45c2-9789-6ae3c8f20b8d,iNaturalist Australia,PRESENT
-27.74151,152.900885,2021-10-23T21:31:00Z,Solenopsis invicta,https://biodiversity.org.au/afd/taxa/5b3fe1c6-1c2c-4e20-819f-2e6d8fa3d332,44394e1d-7854-41b6-aa97-dfa14e88ff7d,iNaturalist Australia,PRESENT
-27.738515,153.05581,2021-09-20T10:37:00Z,Solenopsis invicta,https://biodiversity.org.au/afd/taxa/5b3fe1c6-1c2c-4e20-819f-2e6d8fa3d332,c6a8b9a9-7b75-40bf-b6b7-ff65ec348a8d,iNaturalist Australia,PRESENT
-27.73843,153.055735,2021-09-20T10:38:00Z,Solenopsis invicta,https://biodiversity.org.au/afd/taxa/5b3fe1c6-1c2c-4e20-819f-2e6d8fa3d332,6ead49e9-889b-441c-a033-85c2af1db06f,iNaturalist Australia,PRESENT
-27.738343,153.055947,2021-09-20T10:36:00Z,Solenopsis invicta,https://biodiversity.org.au/afd/taxa/5b3fe1c6-1c2c-4e20-819f-2e6d8fa3d332,a6ac7fff-0e86-4855-8be9-9d86c7850301,iNaturalist Australia,PRESENT
-27.733488,153.228928,2023-07-22T21:35:17Z,Solenopsis invicta,https://biodiversity.org.au/afd/taxa/5b3fe1c6-1c2c-4e20-819f-2e6d8fa3d332,c9109143-95b0-4288-9090-cd3b67b8d4eb,iNaturalist Australia,PRESENT
-27.730042,153.062097,2023-08-03T09:08:00Z,Solenopsis invicta,https://biodiversity.org.au/afd/taxa/5b3fe1c6-1c2c-4e20-819f-2e6d8fa3d332,e1756d22-bcbf-42d7-b16a-ce106c839cc5,iNaturalist Australia,PRESENT
-27.725262,153.059845,2022-06-30T10:13:13Z,Solenopsis invicta,https://biodiversity.org.au/afd/taxa/5b3fe1c6-1c2c-4e20-819f-2e6d8fa3d332,666cddd4-b876-4c6a-afa5-98fdf50de219,iNaturalist Australia,PRESENT
-27.71006,153.232326,2023-04-28T21:06:51Z,Solenopsis invicta,https://biodiversity.org.au/afd/taxa/5b3fe1c6-1c2c-4e20-819f-2e6d8fa3d332,3811ace7-484f-4374-b47e-0a521fd2ed87,iNaturalist Australia,PRESENT
-27.706783,152.976701,2018-06-08T10:08:00Z,Solenopsis invicta,https://biodiversity.org.au/afd/taxa/5b3fe1c6-1c2c-4e20-819f-2e6d8fa3d332,d377dc97-bb2a-462a-a8c8-75ca8883e592,Earth Guardians Weekly Feed,PRESENT
-27.699834,153.176504,2022-08-30T23:20:59Z,Solenopsis invicta,https://biodiversity.org.au/afd/taxa/5b3fe1c6-1c2c-4e20-819f-2e6d8fa3d332,2df3c1ca-e5ab-4eb4-920e-ff6c68bf41cb,iNaturalist Australia,PRESENT
-27.666487,153.066453,2023-07-06T22:22:27Z,Solenopsis invicta,https://biodiversity.org.au/afd/taxa/5b3fe1c6-1c2c-4e20-819f-2e6d8fa3d332,b24e777a-3117-44c3-b226-a0d9e930f614,iNaturalist Australia,PRESENT
-27.65225,153.004694,2022-05-29T03:50:00Z,Solenopsis invicta,https://biodiversity.org.au/afd/taxa/5b3fe1c6-1c2c-4e20-819f-2e6d8fa3d332,2f897faa-1042-4c1a-8ccf-3d761d80b301,iNaturalist Australia,PRESENT
-27.651806,153.004389,2022-05-29T04:32:00Z,Solenopsis invicta,https://biodiversity.org.au/afd/taxa/5b3fe1c6-1c2c-4e20-819f-2e6d8fa3d332,af738263-9efa-4ea1-ad7b-8c7280c66e8f,iNaturalist Australia,PRESENT
-27.649694,153.004222,2022-05-29T00:40:00Z,Solenopsis invicta,https://biodiversity.org.au/afd/taxa/5b3fe1c6-1c2c-4e20-819f-2e6d8fa3d332,5973546d-64cb-4cf6-8c54-f24bffab28b7,iNaturalist Australia,PRESENT
-27.626611,152.794583,2023-07-22T04:44:00Z,Solenopsis invicta,https://biodiversity.org.au/afd/taxa/5b3fe1c6-1c2c-4e20-819f-2e6d8fa3d332,7fe244f4-3c6b-4fe9-8369-7c30780f3df8,iNaturalist Australia,PRESENT
-27.6,152.9,2020-07-02T16:52:00Z,Solenopsis invicta,https://biodiversity.org.au/afd/taxa/5b3fe1c6-1c2c-4e20-819f-2e6d8fa3d332,75501316-e35e-4653-afc3-ae9388a29acb,Earth Guardians Weekly Feed,PRESENT
-27.599158,153.107103,2019-04-21T06:51:00Z,Solenopsis invicta,https://biodiversity.org.au/afd/taxa/5b3fe1c6-1c2c-4e20-819f-2e6d8fa3d332,fb45b3c8-4ae3-499b-aef4-f5361981cdfd,iNaturalist Australia,PRESENT
-27.58333,152.9167,NA,Solenopsis invicta,https://biodiversity.org.au/afd/taxa/5b3fe1c6-1c2c-4e20-819f-2e6d8fa3d332,4b27c01a-1cfe-4f88-a045-1e6b2d1eecbc,NSW DPI Biosecurity Collections,PRESENT
-27.58304,152.9211,NA,Solenopsis invicta,https://biodiversity.org.au/afd/taxa/5b3fe1c6-1c2c-4e20-819f-2e6d8fa3d332,556d6ecd-b98e-43c9-95f7-3a0e4c72effa,Australian Museum provider for OZCAM,PRESENT
-27.58304,152.9211,NA,Solenopsis invicta,https://biodiversity.org.au/afd/taxa/5b3fe1c6-1c2c-4e20-819f-2e6d8fa3d332,c5df8079-75e0-4da9-8739-853233a37f7c,Australian Museum provider for OZCAM,PRESENT
-27.58304,152.9211,NA,Solenopsis invicta,https://biodiversity.org.au/afd/taxa/5b3fe1c6-1c2c-4e20-819f-2e6d8fa3d332,cf88a7fb-1e67-4e5f-8660-b361e2618612,Australian Museum provider for OZCAM,PRESENT
-27.58304,152.9211,NA,Solenopsis invicta,https://biodiversity.org.au/afd/taxa/5b3fe1c6-1c2c-4e20-819f-2e6d8fa3d332,2d55817e-70fc-41b4-bfbf-c283e026d570,Australian Museum provider for OZCAM,PRESENT
-27.58304,152.9211,NA,Solenopsis invicta,https://biodiversity.org.au/afd/taxa/5b3fe1c6-1c2c-4e20-819f-2e6d8fa3d332,c46387b0-c62c-460a-8552-8cabb0953fa0,Australian Museum provider for OZCAM,PRESENT
-27.58304,152.9211,NA,Solenopsis invicta,https://biodiversity.org.au/afd/taxa/5b3fe1c6-1c2c-4e20-819f-2e6d8fa3d332,d70fc359-bc10-4d4b-b6b0-316d56e0d572,Australian Museum provider for OZCAM,PRESENT
-27.58304,152.9211,NA,Solenopsis invicta,https://biodiversity.org.au/afd/taxa/5b3fe1c6-1c2c-4e20-819f-2e6d8fa3d332,d2377567-bbbd-4282-99ea-c69f6506ad33,Australian Museum provider for OZCAM,PRESENT
-27.58304,152.9211,NA,Solenopsis invicta,https://biodiversity.org.au/afd/taxa/5b3fe1c6-1c2c-4e20-819f-2e6d8fa3d332,43f2452d-c3ee-4c4c-8f83-df0475901d06,Australian Museum provider for OZCAM,PRESENT
-27.58304,152.9211,NA,Solenopsis invicta,https://biodiversity.org.au/afd/taxa/5b3fe1c6-1c2c-4e20-819f-2e6d8fa3d332,d4dc178d-e91a-495c-b310-f1f2b89595c6,Australian Museum provider for OZCAM,PRESENT
-27.58304,152.9211,NA,Solenopsis invicta,https://biodiversity.org.au/afd/taxa/5b3fe1c6-1c2c-4e20-819f-2e6d8fa3d332,1ac8f578-6e05-4e2b-ad89-bc361b225fdf,Australian Museum provider for OZCAM,PRESENT
-27.573595,152.989472,2023-07-15T23:52:41Z,Solenopsis invicta,https://biodiversity.org.au/afd/taxa/5b3fe1c6-1c2c-4e20-819f-2e6d8fa3d332,68e85ac4-1688-4bb7-9922-73faa643b966,iNaturalist Australia,PRESENT
-27.573522,152.993776,2022-08-28T06:25:41Z,Solenopsis invicta,https://biodiversity.org.au/afd/taxa/5b3fe1c6-1c2c-4e20-819f-2e6d8fa3d332,42f8c918-0be4-4746-983c-70d285100940,iNaturalist Australia,PRESENT
-27.571947,153.006819,2023-07-07T02:15:28Z,Solenopsis invicta,https://biodiversity.org.au/afd/taxa/5b3fe1c6-1c2c-4e20-819f-2e6d8fa3d332,79cc3780-19da-4a2f-889e-bb7dd155270b,iNaturalist Australia,PRESENT
-27.56862,153.012589,2022-05-19T02:05:40Z,Solenopsis invicta,https://biodiversity.org.au/afd/taxa/5b3fe1c6-1c2c-4e20-819f-2e6d8fa3d332,57316deb-4d3f-4473-94f4-ea36815952c1,iNaturalist Australia,PRESENT
-27.567392,152.991914,2020-01-01T06:09:00Z,Solenopsis invicta,https://biodiversity.org.au/afd/taxa/5b3fe1c6-1c2c-4e20-819f-2e6d8fa3d332,8f1bfcc5-0914-4f6e-939a-6754d6b165c1,iNaturalist Australia,PRESENT
-27.567075,152.991792,2019-12-23T03:26:00Z,Solenopsis invicta,https://biodiversity.org.au/afd/taxa/5b3fe1c6-1c2c-4e20-819f-2e6d8fa3d332,390cf6ac-948e-4d14-8ac3-9d3e22ea9e73,iNaturalist Australia,PRESENT
-27.56705,152.991744,2019-12-23T03:26:00Z,Solenopsis invicta,https://biodiversity.org.au/afd/taxa/5b3fe1c6-1c2c-4e20-819f-2e6d8fa3d332,a5f5aa57-f935-49c3-8fac-953d2db49514,iNaturalist Australia,PRESENT
-27.56705,152.991731,2019-12-23T03:26:00Z,Solenopsis invicta,https://biodiversity.org.au/afd/taxa/5b3fe1c6-1c2c-4e20-819f-2e6d8fa3d332,2a934a0f-0187-4cd8-9b9f-8f15974d477b,iNaturalist Australia,PRESENT
-27.567044,152.991744,2019-12-23T03:26:00Z,Solenopsis invicta,https://biodiversity.org.au/afd/taxa/5b3fe1c6-1c2c-4e20-819f-2e6d8fa3d332,2da56957-6872-4fea-af44-a4b7aeb34aaf,iNaturalist Australia,PRESENT
-27.566697,152.991547,2020-01-01T06:11:00Z,Solenopsis invicta,https://biodiversity.org.au/afd/taxa/5b3fe1c6-1c2c-4e20-819f-2e6d8fa3d332,a9764b78-8b97-431f-b6b1-4e6da9fdad01,iNaturalist Australia,PRESENT
-27.566203,152.991194,2019-12-23T01:35:00Z,Solenopsis invicta,https://biodiversity.org.au/afd/taxa/5b3fe1c6-1c2c-4e20-819f-2e6d8fa3d332,85d565b9-298c-4be1-80ab-cb8191c5cb23,iNaturalist Australia,PRESENT
-27.5662,152.991194,2019-12-23T01:36:00Z,Solenopsis invicta,https://biodiversity.org.au/afd/taxa/5b3fe1c6-1c2c-4e20-819f-2e6d8fa3d332,16311247-ee3b-4ed4-9a6e-02e0402c626f,iNaturalist Australia,PRESENT
-27.566069,152.991181,2019-12-23T03:30:00Z,Solenopsis invicta,https://biodiversity.org.au/afd/taxa/5b3fe1c6-1c2c-4e20-819f-2e6d8fa3d332,719a6b25-c030-4bfa-ad5f-301596b4f087,iNaturalist Australia,PRESENT
-27.565242,152.990875,2019-12-23T01:33:00Z,Solenopsis invicta,https://biodiversity.org.au/afd/taxa/5b3fe1c6-1c2c-4e20-819f-2e6d8fa3d332,2e986e54-e1e6-4056-92fd-06d068942671,iNaturalist Australia,PRESENT
-27.561101,152.98578,2020-01-01T04:50:00Z,Solenopsis invicta,https://biodiversity.org.au/afd/taxa/5b3fe1c6-1c2c-4e20-819f-2e6d8fa3d332,c01371aa-e42e-44c0-98ec-84e4d21a8858,iNaturalist Australia,PRESENT
-27.551883,153.004806,2020-08-18T07:30:00Z,Solenopsis invicta,https://biodiversity.org.au/afd/taxa/5b3fe1c6-1c2c-4e20-819f-2e6d8fa3d332,e4bbcd1f-d093-403b-afac-ee592bbe3efc,iNaturalist Australia,PRESENT
-27.551828,153.004714,2020-06-10T07:03:00Z,Solenopsis invicta,https://biodiversity.org.au/afd/taxa/5b3fe1c6-1c2c-4e20-819f-2e6d8fa3d332,0756a01c-3b10-43c4-8193-8eb99cca7186,iNaturalist Australia,PRESENT
-27.551578,153.005006,2020-06-10T06:38:00Z,Solenopsis invicta,https://biodiversity.org.au/afd/taxa/5b3fe1c6-1c2c-4e20-819f-2e6d8fa3d332,88e78474-3251-4986-bb2b-aa6e1fa05534,iNaturalist Australia,PRESENT
-27.551528,152.993058,2019-10-26T07:22:27Z,Solenopsis invicta,https://biodiversity.org.au/afd/taxa/5b3fe1c6-1c2c-4e20-819f-2e6d8fa3d332,0a359f8c-cb28-4896-b7d7-e2b7499b5cb0,iNaturalist Australia,PRESENT
-27.551195,152.993728,2019-10-26T07:21:04Z,Solenopsis invicta,https://biodiversity.org.au/afd/taxa/5b3fe1c6-1c2c-4e20-819f-2e6d8fa3d332,b783df0a-693f-4864-8b4d-2365a23033ef,iNaturalist Australia,PRESENT
-27.551161,152.993732,2019-10-26T07:18:31Z,Solenopsis invicta,https://biodiversity.org.au/afd/taxa/5b3fe1c6-1c2c-4e20-819f-2e6d8fa3d332,2dc8659e-c29b-43c0-93c0-64f9fac0c2e2,iNaturalist Australia,PRESENT
-27.551147,152.993697,2019-10-26T07:20:15Z,Solenopsis invicta,https://biodiversity.org.au/afd/taxa/5b3fe1c6-1c2c-4e20-819f-2e6d8fa3d332,92377ab1-9f8b-43d0-ba05-1b2caa136080,iNaturalist Australia,PRESENT
-27.551142,152.993805,2019-10-26T07:19:47Z,Solenopsis invicta,https://biodiversity.org.au/afd/taxa/5b3fe1c6-1c2c-4e20-819f-2e6d8fa3d332,4fa5e988-c8a6-4500-a1bd-588b643676b3,iNaturalist Australia,PRESENT
-27.550461,153.03032,2019-07-13T10:52:00Z,Solenopsis invicta,https://biodiversity.org.au/afd/taxa/5b3fe1c6-1c2c-4e20-819f-2e6d8fa3d332,831a15f0-a9e1-4b74-a946-f50ca315e813,iNaturalist Australia,PRESENT
-27.550378,152.987275,2021-05-03T05:49:18Z,Solenopsis invicta,https://biodiversity.org.au/afd/taxa/5b3fe1c6-1c2c-4e20-819f-2e6d8fa3d332,b4a3a326-4b0a-4cb7-b227-8ebab540498e,iNaturalist Australia,PRESENT
-27.55034,152.994437,2019-06-30T10:56:00Z,Solenopsis invicta,https://biodiversity.org.au/afd/taxa/5b3fe1c6-1c2c-4e20-819f-2e6d8fa3d332,9770d7f2-ab71-44d7-ae2a-076d5f9c0d00,iNaturalist Australia,PRESENT
-27.550142,152.994933,2019-06-29T06:34:37Z,Solenopsis invicta,https://biodiversity.org.au/afd/taxa/5b3fe1c6-1c2c-4e20-819f-2e6d8fa3d332,110f2b57-50cb-40ae-886b-0131e9afd7ce,iNaturalist Australia,PRESENT
-27.549825,152.996028,2019-06-30T10:56:00Z,Solenopsis invicta,https://biodiversity.org.au/afd/taxa/5b3fe1c6-1c2c-4e20-819f-2e6d8fa3d332,30aeef39-c05d-4a78-ad07-9e87c515ae4a,iNaturalist Australia,PRESENT
-27.547192,153.001869,2019-10-30T03:43:00Z,Solenopsis invicta,https://biodiversity.org.au/afd/taxa/5b3fe1c6-1c2c-4e20-819f-2e6d8fa3d332,69b174e1-0097-48be-b20d-94f5f711aad6,iNaturalist Australia,PRESENT
-27.547137,152.996217,2020-12-12T23:14:21Z,Solenopsis invicta,https://biodiversity.org.au/afd/taxa/5b3fe1c6-1c2c-4e20-819f-2e6d8fa3d332,d1cd1b8d-0d19-4b32-87e2-f633b2251b0a,iNaturalist Australia,PRESENT
-27.547008,153.003892,2019-10-30T03:50:00Z,Solenopsis invicta,https://biodiversity.org.au/afd/taxa/5b3fe1c6-1c2c-4e20-819f-2e6d8fa3d332,2953e1d6-1182-4829-b5d7-1a60eb8d3b58,iNaturalist Australia,PRESENT
-27.546467,152.995637,2019-10-12T21:31:03Z,Solenopsis invicta,https://biodiversity.org.au/afd/taxa/5b3fe1c6-1c2c-4e20-819f-2e6d8fa3d332,869b02db-c79d-4864-958a-c4faaf3e3646,iNaturalist Australia,PRESENT
-27.545563,152.995208,2019-09-24T05:44:27Z,Solenopsis invicta,https://biodiversity.org.au/afd/taxa/5b3fe1c6-1c2c-4e20-819f-2e6d8fa3d332,c4247b9f-2dff-4228-9c56-67c6ff317c49,iNaturalist Australia,PRESENT
-27.545253,152.997803,2020-09-08T07:08:00Z,Solenopsis invicta,https://biodiversity.org.au/afd/taxa/5b3fe1c6-1c2c-4e20-819f-2e6d8fa3d332,4357d01b-1cc9-4dad-a005-d300b06712fd,iNaturalist Australia,PRESENT
-27.522883,153.0133,2020-02-15T04:19:00Z,Solenopsis invicta,https://biodiversity.org.au/afd/taxa/5b3fe1c6-1c2c-4e20-819f-2e6d8fa3d332,e328bf7f-88b1-4712-a0e7-a6088030e72a,iNaturalist Australia,PRESENT
-27.491974,152.959918,2017-05-21T00:33:00Z,Solenopsis invicta,https://biodiversity.org.au/afd/taxa/5b3fe1c6-1c2c-4e20-819f-2e6d8fa3d332,87190485-f336-4f8a-af93-dd003b0db59a,iNaturalist Australia,PRESENT
-27.47,153.02,NA,Solenopsis invicta,https://biodiversity.org.au/afd/taxa/5b3fe1c6-1c2c-4e20-819f-2e6d8fa3d332,8e5cd2e2-90bc-4303-8c6c-5d05e511300f,Museums Victoria provider for OZCAM,PRESENT
-27.47,153.02,NA,Solenopsis invicta,https://biodiversity.org.au/afd/taxa/5b3fe1c6-1c2c-4e20-819f-2e6d8fa3d332,2656fec9-2f75-48cf-9f44-5c2a8fc6608d,Museums Victoria provider for OZCAM,PRESENT
-27.47,153.02,NA,Solenopsis invicta,https://biodiversity.org.au/afd/taxa/5b3fe1c6-1c2c-4e20-819f-2e6d8fa3d332,a46cd156-30fe-4a49-b929-6a945e1863c8,Museums Victoria provider for OZCAM,PRESENT
-27.47,153.02,NA,Solenopsis invicta,https://biodiversity.org.au/afd/taxa/5b3fe1c6-1c2c-4e20-819f-2e6d8fa3d332,4e20084b-f2e6-4fcc-94a1-263214a2c050,Museums Victoria provider for OZCAM,PRESENT
-27.47,153.02,NA,Solenopsis invicta,https://biodiversity.org.au/afd/taxa/5b3fe1c6-1c2c-4e20-819f-2e6d8fa3d332,2215e4d6-e0fb-432f-b959-9f2970b7208f,Museums Victoria provider for OZCAM,PRESENT
-27.47,153.02,NA,Solenopsis invicta,https://biodiversity.org.au/afd/taxa/5b3fe1c6-1c2c-4e20-819f-2e6d8fa3d332,57f49457-c45d-491d-9172-9c5ab4bc5483,Museums Victoria provider for OZCAM,PRESENT
-27.46666,153.01666,NA,Solenopsis invicta,https://biodiversity.org.au/afd/taxa/5b3fe1c6-1c2c-4e20-819f-2e6d8fa3d332,728b0e45-5818-4a21-9c40-9e21ee0fc130,Queen Victoria Museum Art Gallery provider for OZCAM,PRESENT
-27.38333,153.1667,NA,Solenopsis invicta,https://biodiversity.org.au/afd/taxa/5b3fe1c6-1c2c-4e20-819f-2e6d8fa3d332,613e3d8c-3353-491c-8437-bf87abafb7f5,NSW DPI Biosecurity Collections,PRESENT
-27.38333,153.1667,NA,Solenopsis invicta,https://biodiversity.org.au/afd/taxa/5b3fe1c6-1c2c-4e20-819f-2e6d8fa3d332,dccedeaa-f1cb-4fea-9762-c856761c0edd,NSW DPI Biosecurity Collections,PRESENT
-27.38333,153.1667,NA,Solenopsis invicta,https://biodiversity.org.au/afd/taxa/5b3fe1c6-1c2c-4e20-819f-2e6d8fa3d332,d6c27da7-7cca-4293-baef-2d7b3f11e23d,NSW DPI Biosecurity Collections,PRESENT
-27.38333,153.1667,NA,Solenopsis invicta,https://biodiversity.org.au/afd/taxa/5b3fe1c6-1c2c-4e20-819f-2e6d8fa3d332,60303e7a-a6c5-43b2-8bba-bd556dbc60c7,NSW DPI Biosecurity Collections,PRESENT
-27.38333,153.1667,NA,Solenopsis invicta,https://biodiversity.org.au/afd/taxa/5b3fe1c6-1c2c-4e20-819f-2e6d8fa3d332,a07db028-5f5b-43bd-9087-2f0909457883,NSW DPI Biosecurity Collections,PRESENT
-27.38333,153.1667,NA,Solenopsis invicta,https://biodiversity.org.au/afd/taxa/5b3fe1c6-1c2c-4e20-819f-2e6d8fa3d332,4e87a1c8-eca6-4a93-a026-c1a251435bc2,NSW DPI Biosecurity Collections,PRESENT
-27.38333,153.1667,NA,Solenopsis invicta,https://biodiversity.org.au/afd/taxa/5b3fe1c6-1c2c-4e20-819f-2e6d8fa3d332,c3202dda-5540-4bd9-99b7-8272b0865e0a,NSW DPI Biosecurity Collections,PRESENT
-27.38333,153.1667,NA,Solenopsis invicta,https://biodiversity.org.au/afd/taxa/5b3fe1c6-1c2c-4e20-819f-2e6d8fa3d332,d93ea0c3-5f1f-41ab-bdc8-e730ad7228aa,NSW DPI Biosecurity Collections,PRESENT
NA,NA,2022-07-27T00:00:00Z,Solenopsis invicta,https://biodiversity.org.au/afd/taxa/5b3fe1c6-1c2c-4e20-819f-2e6d8fa3d332,f612dfac-fdd5-46ed-8bfb-053639ce02bf,NSW DPI Biosecurity Collections,PRESENT
-27.38333,153.1667,NA,Solenopsis invicta,https://biodiversity.org.au/afd/taxa/5b3fe1c6-1c2c-4e20-819f-2e6d8fa3d332,781c3c79-054b-47fd-ba4d-156d340049bd,NSW DPI Biosecurity Collections,PRESENT
NA,NA,2022-07-27T00:00:00Z,Solenopsis invicta,https://biodiversity.org.au/afd/taxa/5b3fe1c6-1c2c-4e20-819f-2e6d8fa3d332,13131805-5d20-4d5b-8fb4-244018ee98d8,NSW DPI Biosecurity Collections,PRESENT
NA,NA,2022-07-27T00:00:00Z,Solenopsis invicta,https://biodiversity.org.au/afd/taxa/5b3fe1c6-1c2c-4e20-819f-2e6d8fa3d332,adf94be8-216e-42a4-84c0-6a22fc21451d,NSW DPI Biosecurity Collections,PRESENT
NA,NA,2022-07-27T00:00:00Z,Solenopsis invicta,https://biodiversity.org.au/afd/taxa/5b3fe1c6-1c2c-4e20-819f-2e6d8fa3d332,5036f8d9-50fa-4322-aeaf-bb7302bf7dcf,NSW DPI Biosecurity Collections,PRESENT
-27.38333,153.1667,NA,Solenopsis invicta,https://biodiversity.org.au/afd/taxa/5b3fe1c6-1c2c-4e20-819f-2e6d8fa3d332,c542c045-61f0-4455-a350-3c5ee01314b3,NSW DPI Biosecurity Collections,PRESENT
-27.38333,153.1667,NA,Solenopsis invicta,https://biodiversity.org.au/afd/taxa/5b3fe1c6-1c2c-4e20-819f-2e6d8fa3d332,b6c4d905-b658-427a-a08d-95fed98de3a9,NSW DPI Biosecurity Collections,PRESENT
NA,NA,2022-07-27T00:00:00Z,Solenopsis invicta,https://biodiversity.org.au/afd/taxa/5b3fe1c6-1c2c-4e20-819f-2e6d8fa3d332,0254aa19-b885-4776-a2b2-fdd1bb1693ff,NSW DPI Biosecurity Collections,PRESENT
NA,NA,2022-07-27T00:00:00Z,Solenopsis invicta,https://biodiversity.org.au/afd/taxa/5b3fe1c6-1c2c-4e20-819f-2e6d8fa3d332,21cd1977-d524-4ab7-8236-959c9e51d9a4,NSW DPI Biosecurity Collections,PRESENT
NA,NA,2022-07-27T00:00:00Z,Solenopsis invicta,https://biodiversity.org.au/afd/taxa/5b3fe1c6-1c2c-4e20-819f-2e6d8fa3d332,66cc72ac-1660-4c6b-bb57-a1de5645a15d,NSW DPI Biosecurity Collections,PRESENT
NA,NA,2022-07-27T00:00:00Z,Solenopsis invicta,https://biodiversity.org.au/afd/taxa/5b3fe1c6-1c2c-4e20-819f-2e6d8fa3d332,2ba6d3d3-e33e-4b54-9251-dbbbb84f0fb1,NSW DPI Biosecurity Collections,PRESENT
NA,NA,2022-07-27T00:00:00Z,Solenopsis invicta,https://biodiversity.org.au/afd/taxa/5b3fe1c6-1c2c-4e20-819f-2e6d8fa3d332,85a61b51-f967-4e01-a82b-9bf2249d97fa,NSW DPI Biosecurity Collections,PRESENT
NA,NA,2022-07-27T00:00:00Z,Solenopsis invicta,https://biodiversity.org.au/afd/taxa/5b3fe1c6-1c2c-4e20-819f-2e6d8fa3d332,2eca0c91-1a1b-481b-b9b8-c8a503acbcd3,NSW DPI Biosecurity Collections,PRESENT
-27.38333,153.1667,NA,Solenopsis invicta,https://biodiversity.org.au/afd/taxa/5b3fe1c6-1c2c-4e20-819f-2e6d8fa3d332,b00ebbf0-ee56-4599-8b09-ed4b4c3851d1,NSW DPI Biosecurity Collections,PRESENT
-27.38333,153.1667,NA,Solenopsis invicta,https://biodiversity.org.au/afd/taxa/5b3fe1c6-1c2c-4e20-819f-2e6d8fa3d332,abe63430-7dee-4aaa-94f5-5c61eb972119,NSW DPI Biosecurity Collections,PRESENT
-27.38333,153.1667,NA,Solenopsis invicta,https://biodiversity.org.au/afd/taxa/5b3fe1c6-1c2c-4e20-819f-2e6d8fa3d332,4910b7d2-fe30-43eb-9b31-bd35e02d2282,NSW DPI Biosecurity Collections,PRESENT
-27.38333,153.1667,NA,Solenopsis invicta,https://biodiversity.org.au/afd/taxa/5b3fe1c6-1c2c-4e20-819f-2e6d8fa3d332,dcf43925-2055-42d8-933f-c267c8daa620,NSW DPI Biosecurity Collections,PRESENT
NA,NA,2022-07-27T00:00:00Z,Solenopsis invicta,https://biodiversity.org.au/afd/taxa/5b3fe1c6-1c2c-4e20-819f-2e6d8fa3d332,dd7c344e-b607-4465-8738-23a9b5595c9e,NSW DPI Biosecurity Collections,PRESENT
NA,NA,2022-07-27T00:00:00Z,Solenopsis invicta,https://biodiversity.org.au/afd/taxa/5b3fe1c6-1c2c-4e20-819f-2e6d8fa3d332,268a95e5-8370-460e-b91c-24563bc84697,NSW DPI Biosecurity Collections,PRESENT
NA,NA,2022-07-27T00:00:00Z,Solenopsis invicta,https://biodiversity.org.au/afd/taxa/5b3fe1c6-1c2c-4e20-819f-2e6d8fa3d332,8d53e4cb-a41e-41d1-9ce5-23526ed95004,NSW DPI Biosecurity Collections,PRESENT
-27.38333,153.1667,NA,Solenopsis invicta,https://biodiversity.org.au/afd/taxa/5b3fe1c6-1c2c-4e20-819f-2e6d8fa3d332,36ad6ac1-4ccb-4a02-9c34-457e6821caef,NSW DPI Biosecurity Collections,PRESENT
-27.38333,153.1667,NA,Solenopsis invicta,https://biodiversity.org.au/afd/taxa/5b3fe1c6-1c2c-4e20-819f-2e6d8fa3d332,05f51f02-e567-4aa4-a7a8-e6b68426fae1,NSW DPI Biosecurity Collections,PRESENT
-27.38,153.16,2001-03-01T00:00:00Z,Solenopsis invicta,https://biodiversity.org.au/afd/taxa/5b3fe1c6-1c2c-4e20-819f-2e6d8fa3d332,eea89cb4-eab0-45ac-9e81-ae168641b568,Museums Victoria provider for OZCAM,PRESENT
-27.377241,153.178976,2021-05-25T00:00:00Z,Solenopsis invicta,https://biodiversity.org.au/afd/taxa/5b3fe1c6-1c2c-4e20-819f-2e6d8fa3d332,1959f624-fb85-41a4-bdf1-f5d927ac5107,NSW DPI Biosecurity Collections,PRESENT
-27.377241,153.178976,NA,Solenopsis invicta,https://biodiversity.org.au/afd/taxa/5b3fe1c6-1c2c-4e20-819f-2e6d8fa3d332,e80244fa-6bf8-495c-ae9e-58c9d7c2e2c4,NSW DPI Biosecurity Collections,PRESENT
NA,NA,2022-07-27T00:00:00Z,Solenopsis invicta,https://biodiversity.org.au/afd/taxa/5b3fe1c6-1c2c-4e20-819f-2e6d8fa3d332,b719eb40-0d98-4e44-bdc3-71de3413ac0a,NSW DPI Biosecurity Collections,PRESENT
NA,NA,2022-07-27T00:00:00Z,Solenopsis invicta,https://biodiversity.org.au/afd/taxa/5b3fe1c6-1c2c-4e20-819f-2e6d8fa3d332,657b2005-3e84-44fa-a3ca-8eba43e04f60,NSW DPI Biosecurity Collections,PRESENT
NA,NA,2018-10-30T00:00:00Z,Solenopsis invicta,https://biodiversity.org.au/afd/taxa/5b3fe1c6-1c2c-4e20-819f-2e6d8fa3d332,163d3f20-7dbd-4803-ab5a-2f22e898c3dd,NSW DPI Biosecurity Collections,PRESENT
NA,NA,2022-07-27T00:00:00Z,Solenopsis invicta,https://biodiversity.org.au/afd/taxa/5b3fe1c6-1c2c-4e20-819f-2e6d8fa3d332,90965c5a-b949-40bc-9618-79507d8eedfa,NSW DPI Biosecurity Collections,PRESENT
NA,NA,2022-07-27T00:00:00Z,Solenopsis invicta,https://biodiversity.org.au/afd/taxa/5b3fe1c6-1c2c-4e20-819f-2e6d8fa3d332,f9f7f179-1f8e-43a8-9e98-ebf2ce79d1b1,NSW DPI Biosecurity Collections,PRESENT
NA,NA,2022-07-27T00:00:00Z,Solenopsis invicta,https://biodiversity.org.au/afd/taxa/5b3fe1c6-1c2c-4e20-819f-2e6d8fa3d332,8c644571-f21d-462c-855f-33d50fb14725,NSW DPI Biosecurity Collections,PRESENT
NA,NA,2022-07-27T00:00:00Z,Solenopsis invicta,https://biodiversity.org.au/afd/taxa/5b3fe1c6-1c2c-4e20-819f-2e6d8fa3d332,48a9823b-1e21-495b-9431-d9f53a8b070f,NSW DPI Biosecurity Collections,PRESENT
NA,NA,2022-07-27T00:00:00Z,Solenopsis invicta,https://biodiversity.org.au/afd/taxa/5b3fe1c6-1c2c-4e20-819f-2e6d8fa3d332,de73210e-fac4-491c-8f6c-fe4d385ed539,NSW DPI Biosecurity Collections,PRESENT
-27.377241,153.178976,2021-05-12T00:00:00Z,Solenopsis invicta,https://biodiversity.org.au/afd/taxa/5b3fe1c6-1c2c-4e20-819f-2e6d8fa3d332,903f1a37-8721-4c28-ae9b-509d7138e017,NSW DPI Biosecurity Collections,PRESENT
NA,NA,2018-10-30T00:00:00Z,Solenopsis invicta,https://biodiversity.org.au/afd/taxa/5b3fe1c6-1c2c-4e20-819f-2e6d8fa3d332,bf59006c-f9e7-4753-8169-5cf99127c78f,NSW DPI Biosecurity Collections,PRESENT
NA,NA,2022-07-27T00:00:00Z,Solenopsis invicta,https://biodiversity.org.au/afd/taxa/5b3fe1c6-1c2c-4e20-819f-2e6d8fa3d332,c114a4e5-0eb4-4e9b-8e4a-df28c8e43cb2,NSW DPI Biosecurity Collections,PRESENT
NA,NA,2022-07-27T00:00:00Z,Solenopsis invicta,https://biodiversity.org.au/afd/taxa/5b3fe1c6-1c2c-4e20-819f-2e6d8fa3d332,9c63d39e-16f6-4437-a000-28dacdd1bf3e,NSW DPI Biosecurity Collections,PRESENT
-27.348691,152.943872,2019-09-14T22:50:00Z,Solenopsis invicta,https://biodiversity.org.au/afd/taxa/5b3fe1c6-1c2c-4e20-819f-2e6d8fa3d332,f7b53f04-db38-4b3b-a787-99aad4909842,iNaturalist Australia,PRESENT
NA,NA,2022-07-27T00:00:00Z,Solenopsis invicta,https://biodiversity.org.au/afd/taxa/5b3fe1c6-1c2c-4e20-819f-2e6d8fa3d332,bd5101c1-4ee8-47d8-b26d-505176e4e14d,NSW DPI Biosecurity Collections,PRESENT
NA,NA,2022-07-27T00:00:00Z,Solenopsis invicta,https://biodiversity.org.au/afd/taxa/5b3fe1c6-1c2c-4e20-819f-2e6d8fa3d332,d94efb30-f22e-49e1-a35d-11f575600d32,NSW DPI Biosecurity Collections,PRESENT
NA,NA,2022-07-27T00:00:00Z,Solenopsis invicta,https://biodiversity.org.au/afd/taxa/5b3fe1c6-1c2c-4e20-819f-2e6d8fa3d332,7a229ed4-a5cc-4d8b-bdc3-ac650e23c65b,NSW DPI Biosecurity Collections,PRESENT
29.618256,-82.319465,2018-05-19T13:32:00Z,Solenopsis invicta,https://biodiversity.org.au/afd/taxa/5b3fe1c6-1c2c-4e20-819f-2e6d8fa3d332,b7d1e204-a7a5-48cb-8dd6-1802e4d28d9d,Earth Guardians Weekly Feed,PRESENT
29.643462,-82.362847,2018-03-27T20:17:00Z,Solenopsis invicta,https://biodiversity.org.au/afd/taxa/5b3fe1c6-1c2c-4e20-819f-2e6d8fa3d332,97823967-1ebc-43fa-bb08-a452e301acf1,Earth Guardians Weekly Feed,PRESENT
30.137246,-91.923828,2020-04-10T14:40:00Z,Solenopsis invicta,https://biodiversity.org.au/afd/taxa/5b3fe1c6-1c2c-4e20-819f-2e6d8fa3d332,efcd5d98-52a9-4478-8e03-92cdc956b304,Earth Guardians Weekly Feed,PRESENT
